Interface ID,Total atoms,Lower hkl,Upper hkl,Lower area,Upper area,U misfit (%),V misfit (%),Angle misfit (°),Area misfit (%),T_0_1,T_0_2,T_0_3,T_0_4,T_1_1,T_1_2,T_1_3,T_1_4
1,1998,011,011,1003.637731,978.264628,4.600283,2.050768,0.727212,2.528114,4.000000,0.000000,1.000000,5.000000,4.000000,1.000000,-7.000000,3.000000
2,1998,011,011,1003.637731,978.264628,0.551981,2.840399,0.431214,2.528114,-5.000000,0.000000,-2.000000,4.000000,-6.000000,1.000000,-7.000000,-2.000000
3,1998,011,011,1003.637731,978.264628,4.578967,2.025902,0.738823,2.528114,2.000000,2.000000,8.000000,-2.000000,4.000000,1.000000,-7.000000,3.000000
4,1998,011,011,1003.637731,978.264628,4.469844,2.155078,0.898823,2.528114,-2.000000,1.000000,8.000000,6.000000,1.000000,1.000000,-17.000000,2.000000
5,2100,011,011,1053.819617,1029.752240,2.406819,0.078681,0.426445,2.283823,3.000000,0.000000,1.000000,7.000000,4.000000,0.000000,1.000000,5.000000
6,2100,011,011,1053.819617,1029.752240,4.939901,2.913601,0.886773,2.283823,3.000000,0.000000,1.000000,7.000000,2.000000,1.000000,-14.000000,3.000000
7,2100,011,011,1053.819617,1029.752240,3.856632,1.228013,0.638238,2.283823,2.000000,3.000000,7.000000,0.000000,-3.000000,2.000000,7.000000,2.000000
8,2100,011,011,1053.819617,1029.752240,4.939901,2.670779,0.767623,2.283823,-3.000000,0.000000,-1.000000,7.000000,2.000000,1.000000,-14.000000,3.000000
9,2100,011,011,1053.819617,1029.752240,2.406819,0.115454,0.832734,2.283823,3.000000,0.000000,0.000000,-7.000000,4.000000,0.000000,0.000000,-5.000000
