Interface ID,Total atoms,Lower hkl,Upper hkl,Lower area,Upper area,U misfit (%),V misfit (%),Angle misfit (°),Area misfit (%),T_0_1,T_0_2,T_0_3,T_0_4,T_1_1,T_1_2,T_1_3,T_1_4
0,598,001,001,262.535407,261.774200,0.596748,0.882101,0.210358,0.289945,3.000000,0.000000,0.000000,3.000000,1.000000,4.000000,-4.000000,1.000000
1,504,010,111,285.930015,284.670620,0.722587,0.828159,0.908093,0.440456,-1.000000,2.000000,2.000000,3.000000,1.000000,1.000000,4.000000,0.000000
